{
  "collection": "categories",
  "label": "دسته‌بندی‌ها",
  "count": 2,
  "exportedAt": "2025-08-17T12:21:46.207Z",
  "data": [
    {
      "_id": "68a1c800ae3744d40b545405",
      "name": "خوردنی",
      "description": "",
      "isActive": true,
      "createdAt": "2025-08-17T12:16:00.929Z",
      "updatedAt": "2025-08-17T12:16:00.929Z",
      "__v": 0
    },
    {
      "_id": "68a1c806ae3744d40b54540a",
      "name": "بازی",
      "description": "",
      "isActive": true,
      "createdAt": "2025-08-17T12:16:06.999Z",
      "updatedAt": "2025-08-17T12:16:06.999Z",
      "__v": 0
    }
  ]
}