[
  {
    "_id": {
      "$oid": "68a1c800ae3744d40b545405"
    },
    "name": "خوردنی",
    "description": "",
    "isActive": true,
    "createdAt": {
      "$date": "2025-08-17T12:16:00.929Z"
    },
    "updatedAt": {
      "$date": "2025-08-17T12:16:00.929Z"
    },
    "__v": 0
  },
  {
    "_id": {
      "$oid": "68a1c806ae3744d40b54540a"
    },
    "name": "بازی",
    "description": "",
    "isActive": true,
    "createdAt": {
      "$date": "2025-08-17T12:16:06.999Z"
    },
    "updatedAt": {
      "$date": "2025-08-17T12:16:06.999Z"
    },
    "__v": 0
  }
]