[
  {
    "_id": {
      "$oid": "68a1c81fae3744d40b545427"
    },
    "name": "موز",
    "type": "unit-based",
    "price": 4555,
    "description": "",
    "category": "خوردنی",
    "isActive": true,
    "createdAt": {
      "$date": "2025-08-17T12:16:31.209Z"
    },
    "updatedAt": {
      "$date": "2025-08-17T12:16:31.209Z"
    },
    "__v": 0
  },
  {
    "_id": {
      "$oid": "68a1c82eae3744d40b54542c"
    },
    "name": "بازی هیجانی",
    "type": "time-based",
    "price": 3000,
    "description": "",
    "category": "بازی",
    "isActive": true,
    "createdAt": {
      "$date": "2025-08-17T12:16:46.738Z"
    },
    "updatedAt": {
      "$date": "2025-08-17T12:16:46.738Z"
    },
    "__v": 0
  },
  {
    "_id": {
      "$oid": "68a2d5f753905f29029de7da"
    },
    "name": "بازی معمولی",
    "type": "time-based",
    "price": 2000,
    "description": "",
    "category": "بازی",
    "isActive": true,
    "createdAt": {
      "$date": "2025-08-18T07:27:51.582Z"
    },
    "updatedAt": {
      "$date": "2025-08-18T07:27:51.582Z"
    },
    "__v": 0
  },
  {
    "_id": {
      "$oid": "68a2d60553905f29029de7df"
    },
    "name": "پکیج",
    "type": "time-based",
    "price": 2500,
    "description": "",
    "category": "بازی",
    "isActive": true,
    "createdAt": {
      "$date": "2025-08-18T07:28:05.205Z"
    },
    "updatedAt": {
      "$date": "2025-08-18T07:28:05.205Z"
    },
    "__v": 0
  },
  {
    "_id": {
      "$oid": "68a2d61853905f29029de7e4"
    },
    "name": "رانی",
    "type": "unit-based",
    "price": 17500,
    "description": "",
    "category": "خوردنی",
    "isActive": true,
    "createdAt": {
      "$date": "2025-08-18T07:28:24.493Z"
    },
    "updatedAt": {
      "$date": "2025-08-18T07:28:24.493Z"
    },
    "__v": 0
  },
  {
    "_id": {
      "$oid": "68a2d906652f7a36f140d06c"
    },
    "name": "ابمیوه لیمویی",
    "type": "unit-based",
    "price": 39000,
    "description": "",
    "category": "خوردنی",
    "isActive": true,
    "createdAt": {
      "$date": "2025-08-18T07:40:54.472Z"
    },
    "updatedAt": {
      "$date": "2025-08-18T07:40:54.472Z"
    },
    "__v": 0
  },
  {
    "_id": {
      "$oid": "68a2d91a652f7a36f140d071"
    },
    "name": "بازی گروهی کارگاهی",
    "type": "time-based",
    "price": 3750,
    "description": "",
    "category": "بازی",
    "isActive": true,
    "createdAt": {
      "$date": "2025-08-18T07:41:14.839Z"
    },
    "updatedAt": {
      "$date": "2025-08-18T07:41:14.839Z"
    },
    "__v": 0
  },
  {
    "_id": {
      "$oid": "68a2d92d652f7a36f140d076"
    },
    "name": "خاک بازی",
    "type": "time-based",
    "price": 3750,
    "description": "",
    "category": "بازی",
    "isActive": true,
    "createdAt": {
      "$date": "2025-08-18T07:41:33.423Z"
    },
    "updatedAt": {
      "$date": "2025-08-18T07:41:33.423Z"
    },
    "__v": 0
  },
  {
    "_id": {
      "$oid": "68a2d941652f7a36f140d07b"
    },
    "name": "چیپس",
    "type": "unit-based",
    "price": 4500,
    "description": "",
    "category": "خوردنی",
    "isActive": true,
    "createdAt": {
      "$date": "2025-08-18T07:41:53.740Z"
    },
    "updatedAt": {
      "$date": "2025-08-18T07:41:53.740Z"
    },
    "__v": 0
  }
]