[
  {
    "_id": {
      "$oid": "68ada44e60ebf949faa21f6c"
    },
    "userId": "689cabfab050291b0ee59e4c",
    "token": "eyJhbGciOiJIUzI1NiIsInR5cCI6IkpXVCJ9.eyJ1c2VySWQiOiI2ODljYWJmYWIwNTAyOTFiMGVlNTllNGMiLCJ1c2VybmFtZSI6ImFkbWluIiwicm9sZSI6ImFkbWluIiwiaWF0IjoxNzU2MjEwMjU0LCJleHAiOjE3NTY4MTUwNTR9.5MTTXHnn6DXv3YtxWqlagH05FPNqFgaVratuteYkVCE",
    "userAgent": "Mozilla/5.0 (Macintosh; Intel Mac OS X 10_15_7) AppleWebKit/537.36 (KHTML, like Gecko) Chrome/139.0.0.0 Safari/537.36",
    "ipAddress": "::1",
    "isActive": true,
    "expiresAt": "2025-08-27T12:10:54.823Z",
    "lastAccessedAt": "2025-08-26T13:56:02.301Z",
    "createdAt": {
      "$date": "2025-08-26T12:10:54.823Z"
    },
    "updatedAt": {
      "$date": "2025-08-26T13:56:02.301Z"
    },
    "__v": 0
  },
  {
    "_id": {
      "$oid": "68ada59460ebf949faa23ff8"
    },
    "userId": "689cabfab050291b0ee59e4c",
    "token": "eyJhbGciOiJIUzI1NiIsInR5cCI6IkpXVCJ9.eyJ1c2VySWQiOiI2ODljYWJmYWIwNTAyOTFiMGVlNTllNGMiLCJ1c2VybmFtZSI6ImFkbWluIiwicm9sZSI6ImFkbWluIiwiaWF0IjoxNzU2MjEwNTgwLCJleHAiOjE3NTY4MTUzODB9.KMqRlJKvZLwUrf_i20HgtV5jASgNhGx2-1U_UY2X3mo",
    "userAgent": "Mozilla/5.0 (Macintosh; Intel Mac OS X 10_15_7) AppleWebKit/537.36 (KHTML, like Gecko) Trae/1.100.3 Chrome/132.0.6834.210 Electron/34.5.1 Safari/537.36",
    "ipAddress": "::1",
    "isActive": true,
    "expiresAt": "2025-08-27T12:16:20.399Z",
    "lastAccessedAt": "2025-08-26T12:16:20.399Z",
    "createdAt": {
      "$date": "2025-08-26T12:16:20.399Z"
    },
    "updatedAt": {
      "$date": "2025-08-26T12:16:20.399Z"
    },
    "__v": 0
  },
  {
    "_id": {
      "$oid": "68ada5fe60ebf949faa2481a"
    },
    "userId": "689cabfab050291b0ee59e4c",
    "token": "eyJhbGciOiJIUzI1NiIsInR5cCI6IkpXVCJ9.eyJ1c2VySWQiOiI2ODljYWJmYWIwNTAyOTFiMGVlNTllNGMiLCJ1c2VybmFtZSI6ImFkbWluIiwicm9sZSI6ImFkbWluIiwiaWF0IjoxNzU2MjEwNjg2LCJleHAiOjE3NTY4MTU0ODZ9.kARBe4yw1nZmoRqlQTwxxQHunfHyzQ0VIgih_0IPJII",
    "userAgent": "Mozilla/5.0 (Macintosh; Intel Mac OS X 10_15_7) AppleWebKit/537.36 (KHTML, like Gecko) Trae/1.100.3 Chrome/132.0.6834.210 Electron/34.5.1 Safari/537.36",
    "ipAddress": "::1",
    "isActive": true,
    "expiresAt": "2025-08-27T12:18:06.419Z",
    "lastAccessedAt": "2025-08-26T12:18:10.571Z",
    "createdAt": {
      "$date": "2025-08-26T12:18:06.419Z"
    },
    "updatedAt": {
      "$date": "2025-08-26T12:18:10.571Z"
    },
    "__v": 0
  },
  {
    "_id": {
      "$oid": "68ada66660ebf949faa26893"
    },
    "userId": "689cabfab050291b0ee59e4c",
    "token": "eyJhbGciOiJIUzI1NiIsInR5cCI6IkpXVCJ9.eyJ1c2VySWQiOiI2ODljYWJmYWIwNTAyOTFiMGVlNTllNGMiLCJ1c2VybmFtZSI6ImFkbWluIiwicm9sZSI6ImFkbWluIiwiaWF0IjoxNzU2MjEwNzkwLCJleHAiOjE3NTY4MTU1OTB9.So_b7VNyTZYvgu-h_CMfG64sKrL6X9bTKa_Y011DT04",
    "userAgent": "Mozilla/5.0 (Macintosh; Intel Mac OS X 10_15_7) AppleWebKit/537.36 (KHTML, like Gecko) Trae/1.100.3 Chrome/132.0.6834.210 Electron/34.5.1 Safari/537.36",
    "ipAddress": "::1",
    "isActive": true,
    "expiresAt": "2025-08-27T12:19:50.710Z",
    "lastAccessedAt": "2025-08-26T12:23:47.686Z",
    "createdAt": {
      "$date": "2025-08-26T12:19:50.710Z"
    },
    "updatedAt": {
      "$date": "2025-08-26T12:23:47.686Z"
    },
    "__v": 0
  },
  {
    "_id": {
      "$oid": "68ada79660ebf949faa2a98c"
    },
    "userId": "689cabfab050291b0ee59e4c",
    "token": "eyJhbGciOiJIUzI1NiIsInR5cCI6IkpXVCJ9.eyJ1c2VySWQiOiI2ODljYWJmYWIwNTAyOTFiMGVlNTllNGMiLCJ1c2VybmFtZSI6ImFkbWluIiwicm9sZSI6ImFkbWluIiwiaWF0IjoxNzU2MjExMDk0LCJleHAiOjE3NTY4MTU4OTR9.yP8e9Kj3nZIhoIRl8kMkLiVQONsDSxrKAYvW1FdLzz0",
    "userAgent": "Mozilla/5.0 (Macintosh; Intel Mac OS X 10_15_7) AppleWebKit/537.36 (KHTML, like Gecko) Trae/1.100.3 Chrome/132.0.6834.210 Electron/34.5.1 Safari/537.36",
    "ipAddress": "::1",
    "isActive": true,
    "expiresAt": "2025-08-27T12:24:54.287Z",
    "lastAccessedAt": "2025-08-26T12:24:58.839Z",
    "createdAt": {
      "$date": "2025-08-26T12:24:54.287Z"
    },
    "updatedAt": {
      "$date": "2025-08-26T12:24:58.839Z"
    },
    "__v": 0
  },
  {
    "_id": {
      "$oid": "68ada81960ebf949faa2ca05"
    },
    "userId": "689cabfab050291b0ee59e4c",
    "token": "eyJhbGciOiJIUzI1NiIsInR5cCI6IkpXVCJ9.eyJ1c2VySWQiOiI2ODljYWJmYWIwNTAyOTFiMGVlNTllNGMiLCJ1c2VybmFtZSI6ImFkbWluIiwicm9sZSI6ImFkbWluIiwiaWF0IjoxNzU2MjExMjI1LCJleHAiOjE3NTY4MTYwMjV9.CQ7wVAweSbJ8iWr998KdMgTH4-WLDXLCpTDNmiN1C18",
    "userAgent": "Mozilla/5.0 (Macintosh; Intel Mac OS X 10_15_7) AppleWebKit/537.36 (KHTML, like Gecko) Trae/1.100.3 Chrome/132.0.6834.210 Electron/34.5.1 Safari/537.36",
    "ipAddress": "::1",
    "isActive": true,
    "expiresAt": "2025-08-27T12:27:05.032Z",
    "lastAccessedAt": "2025-08-26T12:27:08.950Z",
    "createdAt": {
      "$date": "2025-08-26T12:27:05.032Z"
    },
    "updatedAt": {
      "$date": "2025-08-26T12:27:08.950Z"
    },
    "__v": 0
  },
  {
    "_id": {
      "$oid": "68adb01b60ebf949faa31b2a"
    },
    "userId": "689cabfab050291b0ee59e4c",
    "token": "eyJhbGciOiJIUzI1NiIsInR5cCI6IkpXVCJ9.eyJ1c2VySWQiOiI2ODljYWJmYWIwNTAyOTFiMGVlNTllNGMiLCJ1c2VybmFtZSI6ImFkbWluIiwicm9sZSI6ImFkbWluIiwiaWF0IjoxNzU2MjEzMjc1LCJleHAiOjE3NTY4MTgwNzV9.z1h4Qdxzkr3ZUstzUC0tTfqAXVt7hAlEZpwTnGBjuX4",
    "userAgent": "Mozilla/5.0 (Macintosh; Intel Mac OS X 10_15_7) AppleWebKit/537.36 (KHTML, like Gecko) Trae/1.100.3 Chrome/132.0.6834.210 Electron/34.5.1 Safari/537.36",
    "ipAddress": "::1",
    "isActive": true,
    "expiresAt": "2025-08-27T13:01:15.201Z",
    "lastAccessedAt": "2025-08-26T13:01:31.748Z",
    "createdAt": {
      "$date": "2025-08-26T13:01:15.201Z"
    },
    "updatedAt": {
      "$date": "2025-08-26T13:01:31.749Z"
    },
    "__v": 0
  },
  {
    "_id": {
      "$oid": "68adb05260ebf949faa36423"
    },
    "userId": "689cabfab050291b0ee59e4c",
    "token": "eyJhbGciOiJIUzI1NiIsInR5cCI6IkpXVCJ9.eyJ1c2VySWQiOiI2ODljYWJmYWIwNTAyOTFiMGVlNTllNGMiLCJ1c2VybmFtZSI6ImFkbWluIiwicm9sZSI6ImFkbWluIiwiaWF0IjoxNzU2MjEzMzMwLCJleHAiOjE3NTY4MTgxMzB9.46qijxdyfPoeFLqRpU8rftTijuEIhWMUb_asH1XMBvo",
    "userAgent": "Mozilla/5.0 (Macintosh; Intel Mac OS X 10_15_7) AppleWebKit/537.36 (KHTML, like Gecko) Trae/1.100.3 Chrome/132.0.6834.210 Electron/34.5.1 Safari/537.36",
    "ipAddress": "::1",
    "isActive": true,
    "expiresAt": "2025-08-27T13:02:10.594Z",
    "lastAccessedAt": "2025-08-26T13:03:58.097Z",
    "createdAt": {
      "$date": "2025-08-26T13:02:10.594Z"
    },
    "updatedAt": {
      "$date": "2025-08-26T13:03:58.097Z"
    },
    "__v": 0
  },
  {
    "_id": {
      "$oid": "68adb0f450ea51d1312a7aaf"
    },
    "userId": "689cabfab050291b0ee59e4c",
    "token": "eyJhbGciOiJIUzI1NiIsInR5cCI6IkpXVCJ9.eyJ1c2VySWQiOiI2ODljYWJmYWIwNTAyOTFiMGVlNTllNGMiLCJ1c2VybmFtZSI6ImFkbWluIiwicm9sZSI6ImFkbWluIiwiaWF0IjoxNzU2MjEzNDkyLCJleHAiOjE3NTY4MTgyOTJ9.IjB0IcV3UVaqUvqSI7FpXc7CXnPtFaAmBhG0gl6zTsk",
    "userAgent": "Mozilla/5.0 (Macintosh; Intel Mac OS X 10_15_7) AppleWebKit/537.36 (KHTML, like Gecko) Trae/1.100.3 Chrome/132.0.6834.210 Electron/34.5.1 Safari/537.36",
    "ipAddress": "::1",
    "isActive": true,
    "expiresAt": "2025-08-27T13:04:52.066Z",
    "lastAccessedAt": "2025-08-26T13:15:32.368Z",
    "createdAt": {
      "$date": "2025-08-26T13:04:52.066Z"
    },
    "updatedAt": {
      "$date": "2025-08-26T13:15:32.369Z"
    },
    "__v": 0
  },
  {
    "_id": {
      "$oid": "68adb390e8d46266c6b0b6a0"
    },
    "userId": "689cabfab050291b0ee59e4c",
    "token": "eyJhbGciOiJIUzI1NiIsInR5cCI6IkpXVCJ9.eyJ1c2VySWQiOiI2ODljYWJmYWIwNTAyOTFiMGVlNTllNGMiLCJ1c2VybmFtZSI6ImFkbWluIiwicm9sZSI6ImFkbWluIiwiaWF0IjoxNzU2MjE0MTYwLCJleHAiOjE3NTY4MTg5NjB9.ME4F6Fnid7BKY3jCih_lehZTGSttDAnUxe3NXONUYVQ",
    "userAgent": "Mozilla/5.0 (Macintosh; Intel Mac OS X 10_15_7) AppleWebKit/537.36 (KHTML, like Gecko) Trae/1.100.3 Chrome/132.0.6834.210 Electron/34.5.1 Safari/537.36",
    "ipAddress": "::1",
    "isActive": true,
    "expiresAt": "2025-08-27T13:16:00.750Z",
    "lastAccessedAt": "2025-08-26T13:16:11.199Z",
    "createdAt": {
      "$date": "2025-08-26T13:16:00.750Z"
    },
    "updatedAt": {
      "$date": "2025-08-26T13:16:11.199Z"
    },
    "__v": 0
  }
]