[
  {
    "_id": {
      "$oid": "68a1c3deae3744d40b545324"
    },
    "operatorId": "689cabfab050291b0ee59e4c",
    "operatorUsername": "admin",
    "action": "login",
    "resource": "auth",
    "details": {
      "loginTime": "2025-08-17T11:58:22.012Z",
      "sessionId": "eyJhbGciOi..."
    },
    "ipAddress": "::1",
    "userAgent": "Mozilla/5.0 (Macintosh; Intel Mac OS X 10_15_7) AppleWebKit/537.36 (KHTML, like Gecko) Chrome/139.0.0.0 Safari/537.36",
    "timestamp": "2025-08-17T11:58:22.012Z",
    "status": "success",
    "createdAt": {
      "$date": "2025-08-17T11:58:22.012Z"
    },
    "updatedAt": {
      "$date": "2025-08-17T11:58:22.012Z"
    },
    "expiresAt": "2026-02-13T12:58:22.012Z",
    "__v": 0
  },
  {
    "_id": {
      "$oid": "68a1c7b1ae3744d40b545398"
    },
    "operatorId": "689cabfab050291b0ee59e4c",
    "operatorUsername": "admin",
    "action": "login",
    "resource": "auth",
    "details": {
      "loginTime": "2025-08-17T12:14:41.171Z",
      "sessionId": "eyJhbGciOi..."
    },
    "ipAddress": "::1",
    "userAgent": "Mozilla/5.0 (Macintosh; Intel Mac OS X 10_15_7) AppleWebKit/537.36 (KHTML, like Gecko) Trae/1.100.3 Chrome/132.0.6834.210 Electron/34.5.1 Safari/537.36",
    "timestamp": "2025-08-17T12:14:41.171Z",
    "status": "success",
    "createdAt": {
      "$date": "2025-08-17T12:14:41.171Z"
    },
    "updatedAt": {
      "$date": "2025-08-17T12:14:41.171Z"
    },
    "expiresAt": "2026-02-13T13:14:41.172Z",
    "__v": 0
  },
  {
    "_id": {
      "$oid": "68a1c7c8ae3744d40b5453b7"
    },
    "operatorId": "689cabfab050291b0ee59e4c",
    "operatorUsername": "admin",
    "action": "create",
    "resource": "customer",
    "details": {
      "method": "POST",
      "url": "/api/customers",
      "statusCode": 201
    },
    "ipAddress": "::1",
    "userAgent": "Mozilla/5.0 (Macintosh; Intel Mac OS X 10_15_7) AppleWebKit/537.36 (KHTML, like Gecko) Trae/1.100.3 Chrome/132.0.6834.210 Electron/34.5.1 Safari/537.36",
    "timestamp": "2025-08-17T12:15:04.474Z",
    "status": "success",
    "createdAt": {
      "$date": "2025-08-17T12:15:04.474Z"
    },
    "updatedAt": {
      "$date": "2025-08-17T12:15:04.474Z"
    },
    "expiresAt": "2026-02-13T13:15:04.474Z",
    "__v": 0
  },
  {
    "_id": {
      "$oid": "68a1c7cfae3744d40b5453bd"
    },
    "operatorId": "689cabfab050291b0ee59e4c",
    "operatorUsername": "admin",
    "action": "create",
    "resource": "customer",
    "details": {
      "method": "POST",
      "url": "/api/customers",
      "statusCode": 201
    },
    "ipAddress": "::1",
    "userAgent": "Mozilla/5.0 (Macintosh; Intel Mac OS X 10_15_7) AppleWebKit/537.36 (KHTML, like Gecko) Trae/1.100.3 Chrome/132.0.6834.210 Electron/34.5.1 Safari/537.36",
    "timestamp": "2025-08-17T12:15:11.990Z",
    "status": "success",
    "createdAt": {
      "$date": "2025-08-17T12:15:11.991Z"
    },
    "updatedAt": {
      "$date": "2025-08-17T12:15:11.991Z"
    },
    "expiresAt": "2026-02-13T13:15:11.991Z",
    "__v": 0
  },
  {
    "_id": {
      "$oid": "68a1c7d7ae3744d40b5453c3"
    },
    "operatorId": "689cabfab050291b0ee59e4c",
    "operatorUsername": "admin",
    "action": "create",
    "resource": "customer",
    "details": {
      "method": "POST",
      "url": "/api/customers",
      "statusCode": 201
    },
    "ipAddress": "::1",
    "userAgent": "Mozilla/5.0 (Macintosh; Intel Mac OS X 10_15_7) AppleWebKit/537.36 (KHTML, like Gecko) Trae/1.100.3 Chrome/132.0.6834.210 Electron/34.5.1 Safari/537.36",
    "timestamp": "2025-08-17T12:15:19.798Z",
    "status": "success",
    "createdAt": {
      "$date": "2025-08-17T12:15:19.798Z"
    },
    "updatedAt": {
      "$date": "2025-08-17T12:15:19.798Z"
    },
    "expiresAt": "2026-02-13T13:15:19.798Z",
    "__v": 0
  },
  {
    "_id": {
      "$oid": "68a1c7dfae3744d40b5453e3"
    },
    "operatorId": "689cabfab050291b0ee59e4c",
    "operatorUsername": "admin",
    "action": "create",
    "resource": "session",
    "details": {
      "method": "POST",
      "url": "/api/sessions",
      "statusCode": 201
    },
    "ipAddress": "::1",
    "userAgent": "Mozilla/5.0 (Macintosh; Intel Mac OS X 10_15_7) AppleWebKit/537.36 (KHTML, like Gecko) Trae/1.100.3 Chrome/132.0.6834.210 Electron/34.5.1 Safari/537.36",
    "timestamp": "2025-08-17T12:15:27.453Z",
    "status": "success",
    "createdAt": {
      "$date": "2025-08-17T12:15:27.454Z"
    },
    "updatedAt": {
      "$date": "2025-08-17T12:15:27.454Z"
    },
    "expiresAt": "2026-02-13T13:15:27.454Z",
    "__v": 0
  },
  {
    "_id": {
      "$oid": "68a1c800ae3744d40b545407"
    },
    "operatorId": "689cabfab050291b0ee59e4c",
    "operatorUsername": "admin",
    "action": "create",
    "resource": "category",
    "details": {
      "method": "POST",
      "url": "/api/categories",
      "statusCode": 201
    },
    "ipAddress": "::1",
    "userAgent": "Mozilla/5.0 (Macintosh; Intel Mac OS X 10_15_7) AppleWebKit/537.36 (KHTML, like Gecko) Trae/1.100.3 Chrome/132.0.6834.210 Electron/34.5.1 Safari/537.36",
    "timestamp": "2025-08-17T12:16:00.977Z",
    "status": "success",
    "createdAt": {
      "$date": "2025-08-17T12:16:00.977Z"
    },
    "updatedAt": {
      "$date": "2025-08-17T12:16:00.977Z"
    },
    "expiresAt": "2026-02-13T13:16:00.977Z",
    "__v": 0
  },
  {
    "_id": {
      "$oid": "68a1c807ae3744d40b54540c"
    },
    "operatorId": "689cabfab050291b0ee59e4c",
    "operatorUsername": "admin",
    "action": "create",
    "resource": "category",
    "details": {
      "method": "POST",
      "url": "/api/categories",
      "statusCode": 201
    },
    "ipAddress": "::1",
    "userAgent": "Mozilla/5.0 (Macintosh; Intel Mac OS X 10_15_7) AppleWebKit/537.36 (KHTML, like Gecko) Trae/1.100.3 Chrome/132.0.6834.210 Electron/34.5.1 Safari/537.36",
    "timestamp": "2025-08-17T12:16:07.027Z",
    "status": "success",
    "createdAt": {
      "$date": "2025-08-17T12:16:07.027Z"
    },
    "updatedAt": {
      "$date": "2025-08-17T12:16:07.027Z"
    },
    "expiresAt": "2026-02-13T13:16:07.027Z",
    "__v": 0
  },
  {
    "_id": {
      "$oid": "68a1c81fae3744d40b545429"
    },
    "operatorId": "689cabfab050291b0ee59e4c",
    "operatorUsername": "admin",
    "action": "create",
    "resource": "service",
    "details": {
      "method": "POST",
      "url": "/api/services",
      "statusCode": 201
    },
    "ipAddress": "::1",
    "userAgent": "Mozilla/5.0 (Macintosh; Intel Mac OS X 10_15_7) AppleWebKit/537.36 (KHTML, like Gecko) Trae/1.100.3 Chrome/132.0.6834.210 Electron/34.5.1 Safari/537.36",
    "timestamp": "2025-08-17T12:16:31.252Z",
    "status": "success",
    "createdAt": {
      "$date": "2025-08-17T12:16:31.252Z"
    },
    "updatedAt": {
      "$date": "2025-08-17T12:16:31.252Z"
    },
    "expiresAt": "2026-02-13T13:16:31.252Z",
    "__v": 0
  },
  {
    "_id": {
      "$oid": "68a1c82eae3744d40b54542e"
    },
    "operatorId": "689cabfab050291b0ee59e4c",
    "operatorUsername": "admin",
    "action": "create",
    "resource": "service",
    "details": {
      "method": "POST",
      "url": "/api/services",
      "statusCode": 201
    },
    "ipAddress": "::1",
    "userAgent": "Mozilla/5.0 (Macintosh; Intel Mac OS X 10_15_7) AppleWebKit/537.36 (KHTML, like Gecko) Trae/1.100.3 Chrome/132.0.6834.210 Electron/34.5.1 Safari/537.36",
    "timestamp": "2025-08-17T12:16:46.777Z",
    "status": "success",
    "createdAt": {
      "$date": "2025-08-17T12:16:46.777Z"
    },
    "updatedAt": {
      "$date": "2025-08-17T12:16:46.777Z"
    },
    "expiresAt": "2026-02-13T13:16:46.777Z",
    "__v": 0
  },
  {
    "_id": {
      "$oid": "68a1c836ae3744d40b54544d"
    },
    "operatorId": "689cabfab050291b0ee59e4c",
    "operatorUsername": "admin",
    "action": "create",
    "resource": "session",
    "details": {
      "method": "POST",
      "url": "/api/sessions",
      "statusCode": 201
    },
    "ipAddress": "::1",
    "userAgent": "Mozilla/5.0 (Macintosh; Intel Mac OS X 10_15_7) AppleWebKit/537.36 (KHTML, like Gecko) Trae/1.100.3 Chrome/132.0.6834.210 Electron/34.5.1 Safari/537.36",
    "timestamp": "2025-08-17T12:16:54.784Z",
    "status": "success",
    "createdAt": {
      "$date": "2025-08-17T12:16:54.785Z"
    },
    "updatedAt": {
      "$date": "2025-08-17T12:16:54.785Z"
    },
    "expiresAt": "2026-02-13T13:16:54.785Z",
    "__v": 0
  },
  {
    "_id": {
      "$oid": "68a1c83eae3744d40b545453"
    },
    "operatorId": "689cabfab050291b0ee59e4c",
    "operatorUsername": "admin",
    "action": "create",
    "resource": "service",
    "resourceId": "68a1c836ae3744d40b54544b",
    "details": {
      "method": "POST",
      "url": "/api/sessions/68a1c836ae3744d40b54544b/services",
      "statusCode": 200
    },
    "ipAddress": "::1",
    "userAgent": "Mozilla/5.0 (Macintosh; Intel Mac OS X 10_15_7) AppleWebKit/537.36 (KHTML, like Gecko) Trae/1.100.3 Chrome/132.0.6834.210 Electron/34.5.1 Safari/537.36",
    "timestamp": "2025-08-17T12:17:02.080Z",
    "status": "success",
    "createdAt": {
      "$date": "2025-08-17T12:17:02.080Z"
    },
    "updatedAt": {
      "$date": "2025-08-17T12:17:02.080Z"
    },
    "expiresAt": "2026-02-13T13:17:02.080Z",
    "__v": 0
  },
  {
    "_id": {
      "$oid": "68a1c848ae3744d40b545458"
    },
    "operatorId": "689cabfab050291b0ee59e4c",
    "operatorUsername": "admin",
    "action": "update",
    "resource": "service",
    "resourceId": "68a1c836ae3744d40b54544b",
    "details": {
      "method": "PUT",
      "url": "/api/sessions/68a1c836ae3744d40b54544b/services/68a1c82eae3744d40b54542c",
      "statusCode": 200
    },
    "ipAddress": "::1",
    "userAgent": "Mozilla/5.0 (Macintosh; Intel Mac OS X 10_15_7) AppleWebKit/537.36 (KHTML, like Gecko) Trae/1.100.3 Chrome/132.0.6834.210 Electron/34.5.1 Safari/537.36",
    "timestamp": "2025-08-17T12:17:12.446Z",
    "status": "success",
    "createdAt": {
      "$date": "2025-08-17T12:17:12.447Z"
    },
    "updatedAt": {
      "$date": "2025-08-17T12:17:12.447Z"
    },
    "expiresAt": "2026-02-13T13:17:12.447Z",
    "__v": 0
  },
  {
    "_id": {
      "$oid": "68a1c85eae3744d40b54545d"
    },
    "operatorId": "689cabfab050291b0ee59e4c",
    "operatorUsername": "admin",
    "action": "update",
    "resource": "service",
    "resourceId": "68a1c836ae3744d40b54544b",
    "details": {
      "method": "PUT",
      "url": "/api/sessions/68a1c836ae3744d40b54544b/services/68a1c82eae3744d40b54542c",
      "statusCode": 200
    },
    "ipAddress": "::1",
    "userAgent": "Mozilla/5.0 (Macintosh; Intel Mac OS X 10_15_7) AppleWebKit/537.36 (KHTML, like Gecko) Trae/1.100.3 Chrome/132.0.6834.210 Electron/34.5.1 Safari/537.36",
    "timestamp": "2025-08-17T12:17:34.308Z",
    "status": "success",
    "createdAt": {
      "$date": "2025-08-17T12:17:34.308Z"
    },
    "updatedAt": {
      "$date": "2025-08-17T12:17:34.308Z"
    },
    "expiresAt": "2026-02-13T13:17:34.308Z",
    "__v": 0
  },
  {
    "_id": {
      "$oid": "68a1c866ae3744d40b545463"
    },
    "operatorId": "689cabfab050291b0ee59e4c",
    "operatorUsername": "admin",
    "action": "create",
    "resource": "service",
    "resourceId": "68a1c7dfae3744d40b5453e1",
    "details": {
      "method": "POST",
      "url": "/api/sessions/68a1c7dfae3744d40b5453e1/services",
      "statusCode": 200
    },
    "ipAddress": "::1",
    "userAgent": "Mozilla/5.0 (Macintosh; Intel Mac OS X 10_15_7) AppleWebKit/537.36 (KHTML, like Gecko) Trae/1.100.3 Chrome/132.0.6834.210 Electron/34.5.1 Safari/537.36",
    "timestamp": "2025-08-17T12:17:42.869Z",
    "status": "success",
    "createdAt": {
      "$date": "2025-08-17T12:17:42.869Z"
    },
    "updatedAt": {
      "$date": "2025-08-17T12:17:42.869Z"
    },
    "expiresAt": "2026-02-13T13:17:42.869Z",
    "__v": 0
  },
  {
    "_id": {
      "$oid": "68a1c86cae3744d40b54546a"
    },
    "operatorId": "689cabfab050291b0ee59e4c",
    "operatorUsername": "admin",
    "action": "create",
    "resource": "service",
    "resourceId": "68a1c7dfae3744d40b5453e1",
    "details": {
      "method": "POST",
      "url": "/api/sessions/68a1c7dfae3744d40b5453e1/services",
      "statusCode": 200
    },
    "ipAddress": "::1",
    "userAgent": "Mozilla/5.0 (Macintosh; Intel Mac OS X 10_15_7) AppleWebKit/537.36 (KHTML, like Gecko) Trae/1.100.3 Chrome/132.0.6834.210 Electron/34.5.1 Safari/537.36",
    "timestamp": "2025-08-17T12:17:48.154Z",
    "status": "success",
    "createdAt": {
      "$date": "2025-08-17T12:17:48.154Z"
    },
    "updatedAt": {
      "$date": "2025-08-17T12:17:48.154Z"
    },
    "expiresAt": "2026-02-13T13:17:48.154Z",
    "__v": 0
  },
  {
    "_id": {
      "$oid": "68a1c876ae3744d40b545470"
    },
    "operatorId": "689cabfab050291b0ee59e4c",
    "operatorUsername": "admin",
    "action": "update",
    "resource": "service",
    "resourceId": "68a1c7dfae3744d40b5453e1",
    "details": {
      "method": "PUT",
      "url": "/api/sessions/68a1c7dfae3744d40b5453e1/services/68a1c82eae3744d40b54542c",
      "statusCode": 200
    },
    "ipAddress": "::1",
    "userAgent": "Mozilla/5.0 (Macintosh; Intel Mac OS X 10_15_7) AppleWebKit/537.36 (KHTML, like Gecko) Trae/1.100.3 Chrome/132.0.6834.210 Electron/34.5.1 Safari/537.36",
    "timestamp": "2025-08-17T12:17:58.075Z",
    "status": "success",
    "createdAt": {
      "$date": "2025-08-17T12:17:58.076Z"
    },
    "updatedAt": {
      "$date": "2025-08-17T12:17:58.076Z"
    },
    "expiresAt": "2026-02-13T13:17:58.076Z",
    "__v": 0
  },
  {
    "_id": {
      "$oid": "68a1c883ae3744d40b545477"
    },
    "operatorId": "689cabfab050291b0ee59e4c",
    "operatorUsername": "admin",
    "action": "end_session",
    "resource": "session",
    "resourceId": "68a1c7dfae3744d40b5453e1",
    "details": {
      "method": "POST",
      "url": "/api/sessions/68a1c7dfae3744d40b5453e1/end",
      "statusCode": 200
    },
    "ipAddress": "::1",
    "userAgent": "Mozilla/5.0 (Macintosh; Intel Mac OS X 10_15_7) AppleWebKit/537.36 (KHTML, like Gecko) Trae/1.100.3 Chrome/132.0.6834.210 Electron/34.5.1 Safari/537.36",
    "timestamp": "2025-08-17T12:18:11.592Z",
    "status": "success",
    "createdAt": {
      "$date": "2025-08-17T12:18:11.592Z"
    },
    "updatedAt": {
      "$date": "2025-08-17T12:18:11.592Z"
    },
    "expiresAt": "2026-02-13T13:18:11.592Z",
    "__v": 0
  },
  {
    "_id": {
      "$oid": "68a1c8b4ae3744d40b5454b9"
    },
    "operatorId": "689cabfab050291b0ee59e4c",
    "operatorUsername": "admin",
    "action": "create",
    "resource": "operator",
    "details": {
      "method": "POST",
      "url": "/api/operators",
      "statusCode": 201
    },
    "ipAddress": "::1",
    "userAgent": "Mozilla/5.0 (Macintosh; Intel Mac OS X 10_15_7) AppleWebKit/537.36 (KHTML, like Gecko) Trae/1.100.3 Chrome/132.0.6834.210 Electron/34.5.1 Safari/537.36",
    "timestamp": "2025-08-17T12:19:00.631Z",
    "status": "success",
    "createdAt": {
      "$date": "2025-08-17T12:19:00.632Z"
    },
    "updatedAt": {
      "$date": "2025-08-17T12:19:00.632Z"
    },
    "expiresAt": "2026-02-13T13:19:00.632Z",
    "__v": 0
  },
  {
    "_id": {
      "$oid": "68a1c8f0ae3744d40b5454df"
    },
    "operatorId": "689cabfab050291b0ee59e4c",
    "operatorUsername": "admin",
    "action": "login",
    "resource": "auth",
    "details": {
      "loginTime": "2025-08-17T12:20:00.500Z",
      "sessionId": "eyJhbGciOi..."
    },
    "ipAddress": "::1",
    "userAgent": "Mozilla/5.0 (Macintosh; Intel Mac OS X 10_15_7) AppleWebKit/537.36 (KHTML, like Gecko) Trae/1.100.3 Chrome/132.0.6834.210 Electron/34.5.1 Safari/537.36",
    "timestamp": "2025-08-17T12:20:00.500Z",
    "status": "success",
    "createdAt": {
      "$date": "2025-08-17T12:20:00.500Z"
    },
    "updatedAt": {
      "$date": "2025-08-17T12:20:00.500Z"
    },
    "expiresAt": "2026-02-13T13:20:00.500Z",
    "__v": 0
  },
  {
    "_id": {
      "$oid": "68a1c940ae3744d40b54550a"
    },
    "operatorId": "689cabfab050291b0ee59e4c",
    "operatorUsername": "admin",
    "action": "create",
    "resource": "backup",
    "resourceId": "backup",
    "details": {
      "action": "شروع بک‌آپ سیستم",
      "backupId": "backup_1755433280228_0vcc1bt00",
      "timestamp": "2025-08-17T12:21:20.229Z"
    },
    "ipAddress": "::1",
    "userAgent": "Mozilla/5.0 (Macintosh; Intel Mac OS X 10_15_7) AppleWebKit/537.36 (KHTML, like Gecko) Trae/1.100.3 Chrome/132.0.6834.210 Electron/34.5.1 Safari/537.36",
    "timestamp": "2025-08-17T12:21:20.229Z",
    "status": "success",
    "createdAt": {
      "$date": "2025-08-17T12:21:20.229Z"
    },
    "updatedAt": {
      "$date": "2025-08-17T12:21:20.229Z"
    },
    "expiresAt": "2026-02-13T13:21:20.229Z",
    "__v": 0
  },
  {
    "_id": {
      "$oid": "68a1c943ae3744d40b54551e"
    },
    "operatorId": "689cabfab050291b0ee59e4c",
    "operatorUsername": "admin",
    "action": "create",
    "resource": "backup",
    "resourceId": "backup",
    "details": {
      "action": "تکمیل بک‌آپ سیستم",
      "backupId": "backup_1755433280228_0vcc1bt00",
      "totalRecords": 35,
      "duration": 2798,
      "timestamp": "2025-08-17T12:21:23.026Z"
    },
    "timestamp": "2025-08-17T12:21:23.026Z",
    "status": "success",
    "createdAt": {
      "$date": "2025-08-17T12:21:23.026Z"
    },
    "updatedAt": {
      "$date": "2025-08-17T12:21:23.026Z"
    },
    "expiresAt": "2026-02-13T13:21:23.026Z",
    "__v": 0
  },
  {
    "_id": {
      "$oid": "68a1c943ae3744d40b545520"
    },
    "operatorId": "689cabfab050291b0ee59e4c",
    "operatorUsername": "admin",
    "action": "create",
    "resource": "backup",
    "resourceId": "backup",
    "details": {
      "action": "شروع بک‌آپ سیستم",
      "backupId": "backup_1755433283340_c8aq6u9pz",
      "timestamp": "2025-08-17T12:21:23.340Z"
    },
    "ipAddress": "::1",
    "userAgent": "Mozilla/5.0 (Macintosh; Intel Mac OS X 10_15_7) AppleWebKit/537.36 (KHTML, like Gecko) Trae/1.100.3 Chrome/132.0.6834.210 Electron/34.5.1 Safari/537.36",
    "timestamp": "2025-08-17T12:21:23.340Z",
    "status": "success",
    "createdAt": {
      "$date": "2025-08-17T12:21:23.341Z"
    },
    "updatedAt": {
      "$date": "2025-08-17T12:21:23.341Z"
    },
    "expiresAt": "2026-02-13T13:21:23.341Z",
    "__v": 0
  },
  {
    "_id": {
      "$oid": "68a1c945ae3744d40b545534"
    },
    "operatorId": "689cabfab050291b0ee59e4c",
    "operatorUsername": "admin",
    "action": "create",
    "resource": "backup",
    "resourceId": "backup",
    "details": {
      "action": "تکمیل بک‌آپ سیستم",
      "backupId": "backup_1755433283340_c8aq6u9pz",
      "totalRecords": 37,
      "duration": 2525,
      "timestamp": "2025-08-17T12:21:25.865Z"
    },
    "timestamp": "2025-08-17T12:21:25.865Z",
    "status": "success",
    "createdAt": {
      "$date": "2025-08-17T12:21:25.865Z"
    },
    "updatedAt": {
      "$date": "2025-08-17T12:21:25.865Z"
    },
    "expiresAt": "2026-02-13T13:21:25.865Z",
    "__v": 0
  },
  {
    "_id": {
      "$oid": "68a1c959ae3744d40b54555d"
    },
    "operatorId": "689cabfab050291b0ee59e4c",
    "operatorUsername": "admin",
    "action": "create",
    "resource": "backup",
    "resourceId": "backup",
    "details": {
      "action": "شروع بک‌آپ سیستم",
      "backupId": "backup_1755433305150_xnqc91h30",
      "timestamp": "2025-08-17T12:21:45.150Z"
    },
    "ipAddress": "::1",
    "userAgent": "Mozilla/5.0 (Macintosh; Intel Mac OS X 10_15_7) AppleWebKit/537.36 (KHTML, like Gecko) Chrome/139.0.0.0 Safari/537.36",
    "timestamp": "2025-08-17T12:21:45.150Z",
    "status": "success",
    "createdAt": {
      "$date": "2025-08-17T12:21:45.151Z"
    },
    "updatedAt": {
      "$date": "2025-08-17T12:21:45.151Z"
    },
    "expiresAt": "2026-02-13T13:21:45.151Z",
    "__v": 0
  },
  {
    "_id": {
      "$oid": "68a1c95bae3744d40b545571"
    },
    "operatorId": "689cabfab050291b0ee59e4c",
    "operatorUsername": "admin",
    "action": "create",
    "resource": "backup",
    "resourceId": "backup",
    "details": {
      "action": "تکمیل بک‌آپ سیستم",
      "backupId": "backup_1755433305150_xnqc91h30",
      "totalRecords": 39,
      "duration": 2117,
      "timestamp": "2025-08-17T12:21:47.267Z"
    },
    "timestamp": "2025-08-17T12:21:47.267Z",
    "status": "success",
    "createdAt": {
      "$date": "2025-08-17T12:21:47.268Z"
    },
    "updatedAt": {
      "$date": "2025-08-17T12:21:47.268Z"
    },
    "expiresAt": "2026-02-13T13:21:47.268Z",
    "__v": 0
  },
  {
    "_id": {
      "$oid": "68a1cb36ae3744d40b545583"
    },
    "operatorId": "689cabfab050291b0ee59e4c",
    "operatorUsername": "admin",
    "action": "create",
    "resource": "backup",
    "resourceId": "backup",
    "details": {
      "action": "شروع بک‌آپ سیستم",
      "backupId": "backup_1755433782271_ai0cr2mb6",
      "timestamp": "2025-08-17T12:29:42.272Z"
    },
    "ipAddress": "::1",
    "userAgent": "Mozilla/5.0 (Macintosh; Intel Mac OS X 10_15_7) AppleWebKit/537.36 (KHTML, like Gecko) Chrome/139.0.0.0 Safari/537.36",
    "timestamp": "2025-08-17T12:29:42.272Z",
    "status": "success",
    "createdAt": {
      "$date": "2025-08-17T12:29:42.273Z"
    },
    "updatedAt": {
      "$date": "2025-08-17T12:29:42.273Z"
    },
    "expiresAt": "2026-02-13T13:29:42.273Z",
    "__v": 0
  },
  {
    "_id": {
      "$oid": "68a1cb38ae3744d40b545596"
    },
    "operatorId": "689cabfab050291b0ee59e4c",
    "operatorUsername": "admin",
    "action": "create",
    "resource": "backup",
    "resourceId": "backup",
    "details": {
      "action": "شروع بک‌آپ سیستم",
      "backupId": "backup_1755433784703_wxxzah2mk",
      "timestamp": "2025-08-17T12:29:44.703Z"
    },
    "ipAddress": "::1",
    "userAgent": "Mozilla/5.0 (Macintosh; Intel Mac OS X 10_15_7) AppleWebKit/537.36 (KHTML, like Gecko) Chrome/139.0.0.0 Safari/537.36",
    "timestamp": "2025-08-17T12:29:44.703Z",
    "status": "success",
    "createdAt": {
      "$date": "2025-08-17T12:29:44.704Z"
    },
    "updatedAt": {
      "$date": "2025-08-17T12:29:44.704Z"
    },
    "expiresAt": "2026-02-13T13:29:44.704Z",
    "__v": 0
  },
  {
    "_id": {
      "$oid": "68a1cb39ae3744d40b5455a0"
    },
    "operatorId": "689cabfab050291b0ee59e4c",
    "operatorUsername": "admin",
    "action": "create",
    "resource": "backup",
    "resourceId": "backup",
    "details": {
      "action": "تکمیل بک‌آپ سیستم",
      "backupId": "backup_1755433782271_ai0cr2mb6",
      "totalRecords": 39,
      "duration": 2836,
      "timestamp": "2025-08-17T12:29:45.107Z"
    },
    "timestamp": "2025-08-17T12:29:45.107Z",
    "status": "success",
    "createdAt": {
      "$date": "2025-08-17T12:29:45.107Z"
    },
    "updatedAt": {
      "$date": "2025-08-17T12:29:45.107Z"
    },
    "expiresAt": "2026-02-13T13:29:45.107Z",
    "__v": 0
  },
  {
    "_id": {
      "$oid": "68a1cb3bae3744d40b5455ad"
    },
    "operatorId": "689cabfab050291b0ee59e4c",
    "operatorUsername": "admin",
    "action": "create",
    "resource": "backup",
    "resourceId": "backup",
    "details": {
      "action": "تکمیل بک‌آپ سیستم",
      "backupId": "backup_1755433784703_wxxzah2mk",
      "totalRecords": 41,
      "duration": 2830,
      "timestamp": "2025-08-17T12:29:47.533Z"
    },
    "timestamp": "2025-08-17T12:29:47.533Z",
    "status": "success",
    "createdAt": {
      "$date": "2025-08-17T12:29:47.534Z"
    },
    "updatedAt": {
      "$date": "2025-08-17T12:29:47.534Z"
    },
    "expiresAt": "2026-02-13T13:29:47.534Z",
    "__v": 0
  },
  {
    "_id": {
      "$oid": "68a1cba2ae3744d40b5455af"
    },
    "operatorId": "689cabfab050291b0ee59e4c",
    "operatorUsername": "admin",
    "action": "create",
    "resource": "backup",
    "resourceId": "backup",
    "details": {
      "action": "شروع بک‌آپ سیستم",
      "backupId": "backup_1755433890403_d2tonfptb",
      "timestamp": "2025-08-17T12:31:30.403Z"
    },
    "ipAddress": "::1",
    "userAgent": "Mozilla/5.0 (Macintosh; Intel Mac OS X 10_15_7) AppleWebKit/537.36 (KHTML, like Gecko) Chrome/139.0.0.0 Safari/537.36",
    "timestamp": "2025-08-17T12:31:30.403Z",
    "status": "success",
    "createdAt": {
      "$date": "2025-08-17T12:31:30.404Z"
    },
    "updatedAt": {
      "$date": "2025-08-17T12:31:30.404Z"
    },
    "expiresAt": "2026-02-13T13:31:30.404Z",
    "__v": 0
  },
  {
    "_id": {
      "$oid": "68a1cba5ae3744d40b5455c3"
    },
    "operatorId": "689cabfab050291b0ee59e4c",
    "operatorUsername": "admin",
    "action": "create",
    "resource": "backup",
    "resourceId": "backup",
    "details": {
      "action": "تکمیل بک‌آپ سیستم",
      "backupId": "backup_1755433890403_d2tonfptb",
      "totalRecords": 43,
      "duration": 2896,
      "timestamp": "2025-08-17T12:31:33.299Z"
    },
    "timestamp": "2025-08-17T12:31:33.299Z",
    "status": "success",
    "createdAt": {
      "$date": "2025-08-17T12:31:33.299Z"
    },
    "updatedAt": {
      "$date": "2025-08-17T12:31:33.299Z"
    },
    "expiresAt": "2026-02-13T13:31:33.299Z",
    "__v": 0
  },
  {
    "_id": {
      "$oid": "68a1cf56ae3744d40b5455e5"
    },
    "operatorId": "689cabfab050291b0ee59e4c",
    "operatorUsername": "admin",
    "action": "create",
    "resource": "settings",
    "details": {
      "method": "POST",
      "url": "/api/settings",
      "statusCode": 500
    },
    "ipAddress": "::1",
    "userAgent": "Mozilla/5.0 (Macintosh; Intel Mac OS X 10_15_7) AppleWebKit/537.36 (KHTML, like Gecko) Chrome/139.0.0.0 Safari/537.36",
    "timestamp": "2025-08-17T12:47:18.026Z",
    "status": "failed",
    "createdAt": {
      "$date": "2025-08-17T12:47:18.026Z"
    },
    "updatedAt": {
      "$date": "2025-08-17T12:47:18.026Z"
    },
    "expiresAt": "2026-02-13T13:47:18.026Z",
    "__v": 0
  },
  {
    "_id": {
      "$oid": "68a1cf56ae3744d40b5455e8"
    },
    "operatorId": "689cabfab050291b0ee59e4c",
    "operatorUsername": "admin",
    "action": "create",
    "resource": "settings",
    "details": {
      "method": "POST",
      "url": "/api/settings",
      "statusCode": 500
    },
    "ipAddress": "::1",
    "userAgent": "Mozilla/5.0 (Macintosh; Intel Mac OS X 10_15_7) AppleWebKit/537.36 (KHTML, like Gecko) Chrome/139.0.0.0 Safari/537.36",
    "timestamp": "2025-08-17T12:47:18.790Z",
    "status": "failed",
    "createdAt": {
      "$date": "2025-08-17T12:47:18.791Z"
    },
    "updatedAt": {
      "$date": "2025-08-17T12:47:18.791Z"
    },
    "expiresAt": "2026-02-13T13:47:18.791Z",
    "__v": 0
  },
  {
    "_id": {
      "$oid": "68a1cf56ae3744d40b5455e9"
    },
    "operatorId": "689cabfab050291b0ee59e4c",
    "operatorUsername": "admin",
    "action": "create",
    "resource": "settings",
    "details": {
      "method": "POST",
      "url": "/api/settings",
      "statusCode": 500
    },
    "ipAddress": "::1",
    "userAgent": "Mozilla/5.0 (Macintosh; Intel Mac OS X 10_15_7) AppleWebKit/537.36 (KHTML, like Gecko) Chrome/139.0.0.0 Safari/537.36",
    "timestamp": "2025-08-17T12:47:18.790Z",
    "status": "failed",
    "createdAt": {
      "$date": "2025-08-17T12:47:18.791Z"
    },
    "updatedAt": {
      "$date": "2025-08-17T12:47:18.791Z"
    },
    "expiresAt": "2026-02-13T13:47:18.791Z",
    "__v": 0
  },
  {
    "_id": {
      "$oid": "68a1cf56ae3744d40b5455eb"
    },
    "operatorId": "689cabfab050291b0ee59e4c",
    "operatorUsername": "admin",
    "action": "create",
    "resource": "settings",
    "details": {
      "method": "POST",
      "url": "/api/settings",
      "statusCode": 500
    },
    "ipAddress": "::1",
    "userAgent": "Mozilla/5.0 (Macintosh; Intel Mac OS X 10_15_7) AppleWebKit/537.36 (KHTML, like Gecko) Chrome/139.0.0.0 Safari/537.36",
    "timestamp": "2025-08-17T12:47:18.790Z",
    "status": "failed",
    "createdAt": {
      "$date": "2025-08-17T12:47:18.791Z"
    },
    "updatedAt": {
      "$date": "2025-08-17T12:47:18.791Z"
    },
    "expiresAt": "2026-02-13T13:47:18.791Z",
    "__v": 0
  },
  {
    "_id": {
      "$oid": "68a1cf56ae3744d40b5455ea"
    },
    "operatorId": "689cabfab050291b0ee59e4c",
    "operatorUsername": "admin",
    "action": "create",
    "resource": "settings",
    "details": {
      "method": "POST",
      "url": "/api/settings",
      "statusCode": 500
    },
    "ipAddress": "::1",
    "userAgent": "Mozilla/5.0 (Macintosh; Intel Mac OS X 10_15_7) AppleWebKit/537.36 (KHTML, like Gecko) Chrome/139.0.0.0 Safari/537.36",
    "timestamp": "2025-08-17T12:47:18.790Z",
    "status": "failed",
    "createdAt": {
      "$date": "2025-08-17T12:47:18.791Z"
    },
    "updatedAt": {
      "$date": "2025-08-17T12:47:18.791Z"
    },
    "expiresAt": "2026-02-13T13:47:18.791Z",
    "__v": 0
  },
  {
    "_id": {
      "$oid": "68a1cf56ae3744d40b5455f3"
    },
    "operatorId": "689cabfab050291b0ee59e4c",
    "operatorUsername": "admin",
    "action": "create",
    "resource": "settings",
    "details": {
      "method": "POST",
      "url": "/api/settings",
      "statusCode": 200
    },
    "ipAddress": "::1",
    "userAgent": "Mozilla/5.0 (Macintosh; Intel Mac OS X 10_15_7) AppleWebKit/537.36 (KHTML, like Gecko) Chrome/139.0.0.0 Safari/537.36",
    "timestamp": "2025-08-17T12:47:18.844Z",
    "status": "success",
    "createdAt": {
      "$date": "2025-08-17T12:47:18.845Z"
    },
    "updatedAt": {
      "$date": "2025-08-17T12:47:18.845Z"
    },
    "expiresAt": "2026-02-13T13:47:18.845Z",
    "__v": 0
  },
  {
    "_id": {
      "$oid": "68a1cf56ae3744d40b5455f1"
    },
    "operatorId": "689cabfab050291b0ee59e4c",
    "operatorUsername": "admin",
    "action": "create",
    "resource": "settings",
    "details": {
      "method": "POST",
      "url": "/api/settings",
      "statusCode": 200
    },
    "ipAddress": "::1",
    "userAgent": "Mozilla/5.0 (Macintosh; Intel Mac OS X 10_15_7) AppleWebKit/537.36 (KHTML, like Gecko) Chrome/139.0.0.0 Safari/537.36",
    "timestamp": "2025-08-17T12:47:18.843Z",
    "status": "success",
    "createdAt": {
      "$date": "2025-08-17T12:47:18.843Z"
    },
    "updatedAt": {
      "$date": "2025-08-17T12:47:18.843Z"
    },
    "expiresAt": "2026-02-13T13:47:18.843Z",
    "__v": 0
  },
  {
    "_id": {
      "$oid": "68a1cf5cae3744d40b5455f5"
    },
    "operatorId": "689cabfab050291b0ee59e4c",
    "operatorUsername": "admin",
    "action": "create",
    "resource": "settings",
    "details": {
      "method": "POST",
      "url": "/api/settings",
      "statusCode": 500
    },
    "ipAddress": "::1",
    "userAgent": "Mozilla/5.0 (Macintosh; Intel Mac OS X 10_15_7) AppleWebKit/537.36 (KHTML, like Gecko) Chrome/139.0.0.0 Safari/537.36",
    "timestamp": "2025-08-17T12:47:24.294Z",
    "status": "failed",
    "createdAt": {
      "$date": "2025-08-17T12:47:24.295Z"
    },
    "updatedAt": {
      "$date": "2025-08-17T12:47:24.295Z"
    },
    "expiresAt": "2026-02-13T13:47:24.295Z",
    "__v": 0
  },
  {
    "_id": {
      "$oid": "68a1cf5dae3744d40b5455f8"
    },
    "operatorId": "689cabfab050291b0ee59e4c",
    "operatorUsername": "admin",
    "action": "create",
    "resource": "settings",
    "details": {
      "method": "POST",
      "url": "/api/settings",
      "statusCode": 500
    },
    "ipAddress": "::1",
    "userAgent": "Mozilla/5.0 (Macintosh; Intel Mac OS X 10_15_7) AppleWebKit/537.36 (KHTML, like Gecko) Chrome/139.0.0.0 Safari/537.36",
    "timestamp": "2025-08-17T12:47:25.091Z",
    "status": "failed",
    "createdAt": {
      "$date": "2025-08-17T12:47:25.092Z"
    },
    "updatedAt": {
      "$date": "2025-08-17T12:47:25.092Z"
    },
    "expiresAt": "2026-02-13T13:47:25.092Z",
    "__v": 0
  },
  {
    "_id": {
      "$oid": "68a1cf5dae3744d40b5455f9"
    },
    "operatorId": "689cabfab050291b0ee59e4c",
    "operatorUsername": "admin",
    "action": "create",
    "resource": "settings",
    "details": {
      "method": "POST",
      "url": "/api/settings",
      "statusCode": 500
    },
    "ipAddress": "::1",
    "userAgent": "Mozilla/5.0 (Macintosh; Intel Mac OS X 10_15_7) AppleWebKit/537.36 (KHTML, like Gecko) Chrome/139.0.0.0 Safari/537.36",
    "timestamp": "2025-08-17T12:47:25.091Z",
    "status": "failed",
    "createdAt": {
      "$date": "2025-08-17T12:47:25.092Z"
    },
    "updatedAt": {
      "$date": "2025-08-17T12:47:25.092Z"
    },
    "expiresAt": "2026-02-13T13:47:25.092Z",
    "__v": 0
  },
  {
    "_id": {
      "$oid": "68a1cf5dae3744d40b5455fb"
    },
    "operatorId": "689cabfab050291b0ee59e4c",
    "operatorUsername": "admin",
    "action": "create",
    "resource": "settings",
    "details": {
      "method": "POST",
      "url": "/api/settings",
      "statusCode": 500
    },
    "ipAddress": "::1",
    "userAgent": "Mozilla/5.0 (Macintosh; Intel Mac OS X 10_15_7) AppleWebKit/537.36 (KHTML, like Gecko) Chrome/139.0.0.0 Safari/537.36",
    "timestamp": "2025-08-17T12:47:25.091Z",
    "status": "failed",
    "createdAt": {
      "$date": "2025-08-17T12:47:25.092Z"
    },
    "updatedAt": {
      "$date": "2025-08-17T12:47:25.092Z"
    },
    "expiresAt": "2026-02-13T13:47:25.092Z",
    "__v": 0
  },
  {
    "_id": {
      "$oid": "68a1cf5dae3744d40b5455fa"
    },
    "operatorId": "689cabfab050291b0ee59e4c",
    "operatorUsername": "admin",
    "action": "create",
    "resource": "settings",
    "details": {
      "method": "POST",
      "url": "/api/settings",
      "statusCode": 500
    },
    "ipAddress": "::1",
    "userAgent": "Mozilla/5.0 (Macintosh; Intel Mac OS X 10_15_7) AppleWebKit/537.36 (KHTML, like Gecko) Chrome/139.0.0.0 Safari/537.36",
    "timestamp": "2025-08-17T12:47:25.091Z",
    "status": "failed",
    "createdAt": {
      "$date": "2025-08-17T12:47:25.092Z"
    },
    "updatedAt": {
      "$date": "2025-08-17T12:47:25.092Z"
    },
    "expiresAt": "2026-02-13T13:47:25.092Z",
    "__v": 0
  },
  {
    "_id": {
      "$oid": "68a1cf5dae3744d40b545601"
    },
    "operatorId": "689cabfab050291b0ee59e4c",
    "operatorUsername": "admin",
    "action": "create",
    "resource": "settings",
    "details": {
      "method": "POST",
      "url": "/api/settings",
      "statusCode": 200
    },
    "ipAddress": "::1",
    "userAgent": "Mozilla/5.0 (Macintosh; Intel Mac OS X 10_15_7) AppleWebKit/537.36 (KHTML, like Gecko) Chrome/139.0.0.0 Safari/537.36",
    "timestamp": "2025-08-17T12:47:25.125Z",
    "status": "success",
    "createdAt": {
      "$date": "2025-08-17T12:47:25.125Z"
    },
    "updatedAt": {
      "$date": "2025-08-17T12:47:25.125Z"
    },
    "expiresAt": "2026-02-13T13:47:25.125Z",
    "__v": 0
  },
  {
    "_id": {
      "$oid": "68a1cf5dae3744d40b545603"
    },
    "operatorId": "689cabfab050291b0ee59e4c",
    "operatorUsername": "admin",
    "action": "create",
    "resource": "settings",
    "details": {
      "method": "POST",
      "url": "/api/settings",
      "statusCode": 200
    },
    "ipAddress": "::1",
    "userAgent": "Mozilla/5.0 (Macintosh; Intel Mac OS X 10_15_7) AppleWebKit/537.36 (KHTML, like Gecko) Chrome/139.0.0.0 Safari/537.36",
    "timestamp": "2025-08-17T12:47:25.135Z",
    "status": "success",
    "createdAt": {
      "$date": "2025-08-17T12:47:25.135Z"
    },
    "updatedAt": {
      "$date": "2025-08-17T12:47:25.135Z"
    },
    "expiresAt": "2026-02-13T13:47:25.135Z",
    "__v": 0
  },
  {
    "_id": {
      "$oid": "68a1cf7dae3744d40b54560d"
    },
    "operatorId": "689cabfab050291b0ee59e4c",
    "operatorUsername": "admin",
    "action": "create",
    "resource": "backup",
    "resourceId": "backup",
    "details": {
      "action": "شروع بک‌آپ سیستم",
      "backupId": "backup_1755434877962_aigxihblc",
      "timestamp": "2025-08-17T12:47:57.962Z"
    },
    "ipAddress": "::1",
    "userAgent": "Mozilla/5.0 (Macintosh; Intel Mac OS X 10_15_7) AppleWebKit/537.36 (KHTML, like Gecko) Chrome/139.0.0.0 Safari/537.36",
    "timestamp": "2025-08-17T12:47:57.962Z",
    "status": "success",
    "createdAt": {
      "$date": "2025-08-17T12:47:57.963Z"
    },
    "updatedAt": {
      "$date": "2025-08-17T12:47:57.963Z"
    },
    "expiresAt": "2026-02-13T13:47:57.963Z",
    "__v": 0
  },
  {
    "_id": {
      "$oid": "68a1cf80ae3744d40b54561f"
    },
    "operatorId": "689cabfab050291b0ee59e4c",
    "operatorUsername": "admin",
    "action": "create",
    "resource": "backup",
    "resourceId": "backup",
    "details": {
      "action": "شروع بک‌آپ سیستم",
      "backupId": "backup_1755434880013_toadlkg3v",
      "timestamp": "2025-08-17T12:48:00.013Z"
    },
    "ipAddress": "::1",
    "userAgent": "Mozilla/5.0 (Macintosh; Intel Mac OS X 10_15_7) AppleWebKit/537.36 (KHTML, like Gecko) Chrome/139.0.0.0 Safari/537.36",
    "timestamp": "2025-08-17T12:48:00.014Z",
    "status": "success",
    "createdAt": {
      "$date": "2025-08-17T12:48:00.014Z"
    },
    "updatedAt": {
      "$date": "2025-08-17T12:48:00.014Z"
    },
    "expiresAt": "2026-02-13T13:48:00.014Z",
    "__v": 0
  },
  {
    "_id": {
      "$oid": "68a1cf80ae3744d40b54562d"
    },
    "operatorId": "689cabfab050291b0ee59e4c",
    "operatorUsername": "admin",
    "action": "create",
    "resource": "backup",
    "resourceId": "backup",
    "details": {
      "action": "تکمیل بک‌آپ سیستم",
      "backupId": "backup_1755434877962_aigxihblc",
      "totalRecords": 61,
      "duration": 2673,
      "timestamp": "2025-08-17T12:48:00.635Z"
    },
    "timestamp": "2025-08-17T12:48:00.635Z",
    "status": "success",
    "createdAt": {
      "$date": "2025-08-17T12:48:00.636Z"
    },
    "updatedAt": {
      "$date": "2025-08-17T12:48:00.636Z"
    },
    "expiresAt": "2026-02-13T13:48:00.636Z",
    "__v": 0
  },
  {
    "_id": {
      "$oid": "68a1cf82ae3744d40b545637"
    },
    "operatorId": "689cabfab050291b0ee59e4c",
    "operatorUsername": "admin",
    "action": "create",
    "resource": "backup",
    "resourceId": "backup",
    "details": {
      "action": "تکمیل بک‌آپ سیستم",
      "backupId": "backup_1755434880013_toadlkg3v",
      "totalRecords": 63,
      "duration": 2795,
      "timestamp": "2025-08-17T12:48:02.808Z"
    },
    "timestamp": "2025-08-17T12:48:02.808Z",
    "status": "success",
    "createdAt": {
      "$date": "2025-08-17T12:48:02.809Z"
    },
    "updatedAt": {
      "$date": "2025-08-17T12:48:02.809Z"
    },
    "expiresAt": "2026-02-13T13:48:02.809Z",
    "__v": 0
  },
  {
    "_id": {
      "$oid": "68a1cf92ae3744d40b545639"
    },
    "operatorId": "689cabfab050291b0ee59e4c",
    "operatorUsername": "admin",
    "action": "create",
    "resource": "backup",
    "resourceId": "backup",
    "details": {
      "action": "شروع بک‌آپ سیستم",
      "backupId": "backup_1755434898656_s5t6tx5vu",
      "timestamp": "2025-08-17T12:48:18.656Z"
    },
    "ipAddress": "::1",
    "userAgent": "Mozilla/5.0 (Macintosh; Intel Mac OS X 10_15_7) AppleWebKit/537.36 (KHTML, like Gecko) Chrome/139.0.0.0 Safari/537.36",
    "timestamp": "2025-08-17T12:48:18.656Z",
    "status": "success",
    "createdAt": {
      "$date": "2025-08-17T12:48:18.657Z"
    },
    "updatedAt": {
      "$date": "2025-08-17T12:48:18.657Z"
    },
    "expiresAt": "2026-02-13T13:48:18.657Z",
    "__v": 0
  }
]