[
  {
    "_id": {
      "$oid": "68a1c7c8ae3744d40b5453b5"
    },
    "firstName": "علی",
    "lastName": "دخیل",
    "phone": "۲۲۳۴",
    "registrationDate": "2025-08-17T12:15:04.427Z",
    "createdAt": {
      "$date": "2025-08-17T12:15:04.428Z"
    },
    "updatedAt": {
      "$date": "2025-08-17T12:15:04.428Z"
    },
    "__v": 0
  },
  {
    "_id": {
      "$oid": "68a1c7cfae3744d40b5453bb"
    },
    "firstName": "رضا",
    "lastName": "باقری",
    "phone": "۳۲۴۲۳۴",
    "registrationDate": "2025-08-17T12:15:11.960Z",
    "createdAt": {
      "$date": "2025-08-17T12:15:11.960Z"
    },
    "updatedAt": {
      "$date": "2025-08-17T12:15:11.960Z"
    },
    "__v": 0
  },
  {
    "_id": {
      "$oid": "68a1c7d7ae3744d40b5453c1"
    },
    "firstName": "مریم",
    "lastName": "سیبیس",
    "phone": "۲۳۲۳",
    "registrationDate": "2025-08-17T12:15:19.761Z",
    "createdAt": {
      "$date": "2025-08-17T12:15:19.761Z"
    },
    "updatedAt": {
      "$date": "2025-08-17T12:15:19.761Z"
    },
    "__v": 0
  }
]