[
  {
    "_id": {
      "$oid": "68a1c7c8ae3744d40b5453b5"
    },
    "firstName": "علی",
    "lastName": "دخیل",
    "phone": "۲۲۳۴",
    "registrationDate": "2025-08-17T12:15:04.427Z",
    "createdAt": {
      "$date": "2025-08-17T12:15:04.428Z"
    },
    "updatedAt": {
      "$date": "2025-08-17T12:15:04.428Z"
    },
    "__v": 0
  },
  {
    "_id": {
      "$oid": "68a1c7cfae3744d40b5453bb"
    },
    "firstName": "رضا",
    "lastName": "باقری",
    "phone": "۳۲۴۲۳۴",
    "registrationDate": "2025-08-17T12:15:11.960Z",
    "createdAt": {
      "$date": "2025-08-17T12:15:11.960Z"
    },
    "updatedAt": {
      "$date": "2025-08-17T12:15:11.960Z"
    },
    "__v": 0
  },
  {
    "_id": {
      "$oid": "68a1c7d7ae3744d40b5453c1"
    },
    "firstName": "مریم",
    "lastName": "سیبیس",
    "phone": "۲۳۲۳",
    "registrationDate": "2025-08-17T12:15:19.761Z",
    "createdAt": {
      "$date": "2025-08-17T12:15:19.761Z"
    },
    "updatedAt": {
      "$date": "2025-08-17T12:15:19.761Z"
    },
    "__v": 0
  },
  {
    "_id": {
      "$oid": "68a2d8ad652f7a36f140d007"
    },
    "firstName": "تقی",
    "lastName": "مولوی",
    "phone": "۳۲۳",
    "registrationDate": "2025-08-18T07:39:25.621Z",
    "createdAt": {
      "$date": "2025-08-18T07:39:25.622Z"
    },
    "updatedAt": {
      "$date": "2025-08-18T07:39:25.622Z"
    },
    "__v": 0
  },
  {
    "_id": {
      "$oid": "68a2d8b6652f7a36f140d00d"
    },
    "firstName": "جعفر",
    "lastName": "پناهی",
    "phone": "۲۳۳۲",
    "registrationDate": "2025-08-18T07:39:34.434Z",
    "createdAt": {
      "$date": "2025-08-18T07:39:34.435Z"
    },
    "updatedAt": {
      "$date": "2025-08-18T07:39:34.435Z"
    },
    "__v": 0
  },
  {
    "_id": {
      "$oid": "68a2d8bf652f7a36f140d013"
    },
    "firstName": "مریم",
    "lastName": "کمال وند",
    "phone": "۳۲",
    "registrationDate": "2025-08-18T07:39:43.820Z",
    "createdAt": {
      "$date": "2025-08-18T07:39:43.820Z"
    },
    "updatedAt": {
      "$date": "2025-08-18T07:39:43.820Z"
    },
    "__v": 0
  },
  {
    "_id": {
      "$oid": "68a2d8c8652f7a36f140d019"
    },
    "firstName": "مجید",
    "lastName": "خوانساری",
    "phone": "۳۳",
    "registrationDate": "2025-08-18T07:39:52.555Z",
    "createdAt": {
      "$date": "2025-08-18T07:39:52.555Z"
    },
    "updatedAt": {
      "$date": "2025-08-18T07:39:52.555Z"
    },
    "__v": 0
  },
  {
    "_id": {
      "$oid": "68a2d8d3652f7a36f140d01f"
    },
    "firstName": "زهره",
    "lastName": "باقرنژادی اصل",
    "phone": "۲۴۲۳",
    "registrationDate": "2025-08-18T07:40:03.730Z",
    "createdAt": {
      "$date": "2025-08-18T07:40:03.731Z"
    },
    "updatedAt": {
      "$date": "2025-08-18T07:40:03.731Z"
    },
    "__v": 0
  },
  {
    "_id": {
      "$oid": "68a2d8dc652f7a36f140d025"
    },
    "firstName": "حسن",
    "lastName": "خولی",
    "phone": "۲۳۲۳",
    "registrationDate": "2025-08-18T07:40:12.470Z",
    "createdAt": {
      "$date": "2025-08-18T07:40:12.470Z"
    },
    "updatedAt": {
      "$date": "2025-08-18T07:40:12.470Z"
    },
    "__v": 0
  },
  {
    "_id": {
      "$oid": "68a2d8ee652f7a36f140d02b"
    },
    "firstName": "میترا",
    "lastName": "خنک زاده پسند",
    "phone": "۲۳۲",
    "registrationDate": "2025-08-18T07:40:30.346Z",
    "createdAt": {
      "$date": "2025-08-18T07:40:30.346Z"
    },
    "updatedAt": {
      "$date": "2025-08-18T07:40:30.346Z"
    },
    "__v": 0
  }
]