{
  "collection": "activityLogs",
  "label": "لاگ‌های فعالیت",
  "count": 23,
  "exportedAt": "2025-08-17T12:21:25.276Z",
  "data": [
    {
      "_id": "68a1c3deae3744d40b545324",
      "operatorId": "689cabfab050291b0ee59e4c",
      "operatorUsername": "admin",
      "action": "login",
      "resource": "auth",
      "details": {
        "loginTime": "2025-08-17T11:58:22.012Z",
        "sessionId": "eyJhbGciOi..."
      },
      "ipAddress": "::1",
      "userAgent": "Mozilla/5.0 (Macintosh; Intel Mac OS X 10_15_7) AppleWebKit/537.36 (KHTML, like Gecko) Chrome/139.0.0.0 Safari/537.36",
      "timestamp": "2025-08-17T11:58:22.012Z",
      "status": "success",
      "createdAt": "2025-08-17T11:58:22.012Z",
      "updatedAt": "2025-08-17T11:58:22.012Z",
      "expiresAt": "2026-02-13T12:58:22.012Z",
      "__v": 0
    },
    {
      "_id": "68a1c7b1ae3744d40b545398",
      "operatorId": "689cabfab050291b0ee59e4c",
      "operatorUsername": "admin",
      "action": "login",
      "resource": "auth",
      "details": {
        "loginTime": "2025-08-17T12:14:41.171Z",
        "sessionId": "eyJhbGciOi..."
      },
      "ipAddress": "::1",
      "userAgent": "Mozilla/5.0 (Macintosh; Intel Mac OS X 10_15_7) AppleWebKit/537.36 (KHTML, like Gecko) Trae/1.100.3 Chrome/132.0.6834.210 Electron/34.5.1 Safari/537.36",
      "timestamp": "2025-08-17T12:14:41.171Z",
      "status": "success",
      "createdAt": "2025-08-17T12:14:41.171Z",
      "updatedAt": "2025-08-17T12:14:41.171Z",
      "expiresAt": "2026-02-13T13:14:41.172Z",
      "__v": 0
    },
    {
      "_id": "68a1c7c8ae3744d40b5453b7",
      "operatorId": "689cabfab050291b0ee59e4c",
      "operatorUsername": "admin",
      "action": "create",
      "resource": "customer",
      "details": {
        "method": "POST",
        "url": "/api/customers",
        "statusCode": 201
      },
      "ipAddress": "::1",
      "userAgent": "Mozilla/5.0 (Macintosh; Intel Mac OS X 10_15_7) AppleWebKit/537.36 (KHTML, like Gecko) Trae/1.100.3 Chrome/132.0.6834.210 Electron/34.5.1 Safari/537.36",
      "timestamp": "2025-08-17T12:15:04.474Z",
      "status": "success",
      "createdAt": "2025-08-17T12:15:04.474Z",
      "updatedAt": "2025-08-17T12:15:04.474Z",
      "expiresAt": "2026-02-13T13:15:04.474Z",
      "__v": 0
    },
    {
      "_id": "68a1c7cfae3744d40b5453bd",
      "operatorId": "689cabfab050291b0ee59e4c",
      "operatorUsername": "admin",
      "action": "create",
      "resource": "customer",
      "details": {
        "method": "POST",
        "url": "/api/customers",
        "statusCode": 201
      },
      "ipAddress": "::1",
      "userAgent": "Mozilla/5.0 (Macintosh; Intel Mac OS X 10_15_7) AppleWebKit/537.36 (KHTML, like Gecko) Trae/1.100.3 Chrome/132.0.6834.210 Electron/34.5.1 Safari/537.36",
      "timestamp": "2025-08-17T12:15:11.990Z",
      "status": "success",
      "createdAt": "2025-08-17T12:15:11.991Z",
      "updatedAt": "2025-08-17T12:15:11.991Z",
      "expiresAt": "2026-02-13T13:15:11.991Z",
      "__v": 0
    },
    {
      "_id": "68a1c7d7ae3744d40b5453c3",
      "operatorId": "689cabfab050291b0ee59e4c",
      "operatorUsername": "admin",
      "action": "create",
      "resource": "customer",
      "details": {
        "method": "POST",
        "url": "/api/customers",
        "statusCode": 201
      },
      "ipAddress": "::1",
      "userAgent": "Mozilla/5.0 (Macintosh; Intel Mac OS X 10_15_7) AppleWebKit/537.36 (KHTML, like Gecko) Trae/1.100.3 Chrome/132.0.6834.210 Electron/34.5.1 Safari/537.36",
      "timestamp": "2025-08-17T12:15:19.798Z",
      "status": "success",
      "createdAt": "2025-08-17T12:15:19.798Z",
      "updatedAt": "2025-08-17T12:15:19.798Z",
      "expiresAt": "2026-02-13T13:15:19.798Z",
      "__v": 0
    },
    {
      "_id": "68a1c7dfae3744d40b5453e3",
      "operatorId": "689cabfab050291b0ee59e4c",
      "operatorUsername": "admin",
      "action": "create",
      "resource": "session",
      "details": {
        "method": "POST",
        "url": "/api/sessions",
        "statusCode": 201
      },
      "ipAddress": "::1",
      "userAgent": "Mozilla/5.0 (Macintosh; Intel Mac OS X 10_15_7) AppleWebKit/537.36 (KHTML, like Gecko) Trae/1.100.3 Chrome/132.0.6834.210 Electron/34.5.1 Safari/537.36",
      "timestamp": "2025-08-17T12:15:27.453Z",
      "status": "success",
      "createdAt": "2025-08-17T12:15:27.454Z",
      "updatedAt": "2025-08-17T12:15:27.454Z",
      "expiresAt": "2026-02-13T13:15:27.454Z",
      "__v": 0
    },
    {
      "_id": "68a1c800ae3744d40b545407",
      "operatorId": "689cabfab050291b0ee59e4c",
      "operatorUsername": "admin",
      "action": "create",
      "resource": "category",
      "details": {
        "method": "POST",
        "url": "/api/categories",
        "statusCode": 201
      },
      "ipAddress": "::1",
      "userAgent": "Mozilla/5.0 (Macintosh; Intel Mac OS X 10_15_7) AppleWebKit/537.36 (KHTML, like Gecko) Trae/1.100.3 Chrome/132.0.6834.210 Electron/34.5.1 Safari/537.36",
      "timestamp": "2025-08-17T12:16:00.977Z",
      "status": "success",
      "createdAt": "2025-08-17T12:16:00.977Z",
      "updatedAt": "2025-08-17T12:16:00.977Z",
      "expiresAt": "2026-02-13T13:16:00.977Z",
      "__v": 0
    },
    {
      "_id": "68a1c807ae3744d40b54540c",
      "operatorId": "689cabfab050291b0ee59e4c",
      "operatorUsername": "admin",
      "action": "create",
      "resource": "category",
      "details": {
        "method": "POST",
        "url": "/api/categories",
        "statusCode": 201
      },
      "ipAddress": "::1",
      "userAgent": "Mozilla/5.0 (Macintosh; Intel Mac OS X 10_15_7) AppleWebKit/537.36 (KHTML, like Gecko) Trae/1.100.3 Chrome/132.0.6834.210 Electron/34.5.1 Safari/537.36",
      "timestamp": "2025-08-17T12:16:07.027Z",
      "status": "success",
      "createdAt": "2025-08-17T12:16:07.027Z",
      "updatedAt": "2025-08-17T12:16:07.027Z",
      "expiresAt": "2026-02-13T13:16:07.027Z",
      "__v": 0
    },
    {
      "_id": "68a1c81fae3744d40b545429",
      "operatorId": "689cabfab050291b0ee59e4c",
      "operatorUsername": "admin",
      "action": "create",
      "resource": "service",
      "details": {
        "method": "POST",
        "url": "/api/services",
        "statusCode": 201
      },
      "ipAddress": "::1",
      "userAgent": "Mozilla/5.0 (Macintosh; Intel Mac OS X 10_15_7) AppleWebKit/537.36 (KHTML, like Gecko) Trae/1.100.3 Chrome/132.0.6834.210 Electron/34.5.1 Safari/537.36",
      "timestamp": "2025-08-17T12:16:31.252Z",
      "status": "success",
      "createdAt": "2025-08-17T12:16:31.252Z",
      "updatedAt": "2025-08-17T12:16:31.252Z",
      "expiresAt": "2026-02-13T13:16:31.252Z",
      "__v": 0
    },
    {
      "_id": "68a1c82eae3744d40b54542e",
      "operatorId": "689cabfab050291b0ee59e4c",
      "operatorUsername": "admin",
      "action": "create",
      "resource": "service",
      "details": {
        "method": "POST",
        "url": "/api/services",
        "statusCode": 201
      },
      "ipAddress": "::1",
      "userAgent": "Mozilla/5.0 (Macintosh; Intel Mac OS X 10_15_7) AppleWebKit/537.36 (KHTML, like Gecko) Trae/1.100.3 Chrome/132.0.6834.210 Electron/34.5.1 Safari/537.36",
      "timestamp": "2025-08-17T12:16:46.777Z",
      "status": "success",
      "createdAt": "2025-08-17T12:16:46.777Z",
      "updatedAt": "2025-08-17T12:16:46.777Z",
      "expiresAt": "2026-02-13T13:16:46.777Z",
      "__v": 0
    },
    {
      "_id": "68a1c836ae3744d40b54544d",
      "operatorId": "689cabfab050291b0ee59e4c",
      "operatorUsername": "admin",
      "action": "create",
      "resource": "session",
      "details": {
        "method": "POST",
        "url": "/api/sessions",
        "statusCode": 201
      },
      "ipAddress": "::1",
      "userAgent": "Mozilla/5.0 (Macintosh; Intel Mac OS X 10_15_7) AppleWebKit/537.36 (KHTML, like Gecko) Trae/1.100.3 Chrome/132.0.6834.210 Electron/34.5.1 Safari/537.36",
      "timestamp": "2025-08-17T12:16:54.784Z",
      "status": "success",
      "createdAt": "2025-08-17T12:16:54.785Z",
      "updatedAt": "2025-08-17T12:16:54.785Z",
      "expiresAt": "2026-02-13T13:16:54.785Z",
      "__v": 0
    },
    {
      "_id": "68a1c83eae3744d40b545453",
      "operatorId": "689cabfab050291b0ee59e4c",
      "operatorUsername": "admin",
      "action": "create",
      "resource": "service",
      "resourceId": "68a1c836ae3744d40b54544b",
      "details": {
        "method": "POST",
        "url": "/api/sessions/68a1c836ae3744d40b54544b/services",
        "statusCode": 200
      },
      "ipAddress": "::1",
      "userAgent": "Mozilla/5.0 (Macintosh; Intel Mac OS X 10_15_7) AppleWebKit/537.36 (KHTML, like Gecko) Trae/1.100.3 Chrome/132.0.6834.210 Electron/34.5.1 Safari/537.36",
      "timestamp": "2025-08-17T12:17:02.080Z",
      "status": "success",
      "createdAt": "2025-08-17T12:17:02.080Z",
      "updatedAt": "2025-08-17T12:17:02.080Z",
      "expiresAt": "2026-02-13T13:17:02.080Z",
      "__v": 0
    },
    {
      "_id": "68a1c848ae3744d40b545458",
      "operatorId": "689cabfab050291b0ee59e4c",
      "operatorUsername": "admin",
      "action": "update",
      "resource": "service",
      "resourceId": "68a1c836ae3744d40b54544b",
      "details": {
        "method": "PUT",
        "url": "/api/sessions/68a1c836ae3744d40b54544b/services/68a1c82eae3744d40b54542c",
        "statusCode": 200
      },
      "ipAddress": "::1",
      "userAgent": "Mozilla/5.0 (Macintosh; Intel Mac OS X 10_15_7) AppleWebKit/537.36 (KHTML, like Gecko) Trae/1.100.3 Chrome/132.0.6834.210 Electron/34.5.1 Safari/537.36",
      "timestamp": "2025-08-17T12:17:12.446Z",
      "status": "success",
      "createdAt": "2025-08-17T12:17:12.447Z",
      "updatedAt": "2025-08-17T12:17:12.447Z",
      "expiresAt": "2026-02-13T13:17:12.447Z",
      "__v": 0
    },
    {
      "_id": "68a1c85eae3744d40b54545d",
      "operatorId": "689cabfab050291b0ee59e4c",
      "operatorUsername": "admin",
      "action": "update",
      "resource": "service",
      "resourceId": "68a1c836ae3744d40b54544b",
      "details": {
        "method": "PUT",
        "url": "/api/sessions/68a1c836ae3744d40b54544b/services/68a1c82eae3744d40b54542c",
        "statusCode": 200
      },
      "ipAddress": "::1",
      "userAgent": "Mozilla/5.0 (Macintosh; Intel Mac OS X 10_15_7) AppleWebKit/537.36 (KHTML, like Gecko) Trae/1.100.3 Chrome/132.0.6834.210 Electron/34.5.1 Safari/537.36",
      "timestamp": "2025-08-17T12:17:34.308Z",
      "status": "success",
      "createdAt": "2025-08-17T12:17:34.308Z",
      "updatedAt": "2025-08-17T12:17:34.308Z",
      "expiresAt": "2026-02-13T13:17:34.308Z",
      "__v": 0
    },
    {
      "_id": "68a1c866ae3744d40b545463",
      "operatorId": "689cabfab050291b0ee59e4c",
      "operatorUsername": "admin",
      "action": "create",
      "resource": "service",
      "resourceId": "68a1c7dfae3744d40b5453e1",
      "details": {
        "method": "POST",
        "url": "/api/sessions/68a1c7dfae3744d40b5453e1/services",
        "statusCode": 200
      },
      "ipAddress": "::1",
      "userAgent": "Mozilla/5.0 (Macintosh; Intel Mac OS X 10_15_7) AppleWebKit/537.36 (KHTML, like Gecko) Trae/1.100.3 Chrome/132.0.6834.210 Electron/34.5.1 Safari/537.36",
      "timestamp": "2025-08-17T12:17:42.869Z",
      "status": "success",
      "createdAt": "2025-08-17T12:17:42.869Z",
      "updatedAt": "2025-08-17T12:17:42.869Z",
      "expiresAt": "2026-02-13T13:17:42.869Z",
      "__v": 0
    },
    {
      "_id": "68a1c86cae3744d40b54546a",
      "operatorId": "689cabfab050291b0ee59e4c",
      "operatorUsername": "admin",
      "action": "create",
      "resource": "service",
      "resourceId": "68a1c7dfae3744d40b5453e1",
      "details": {
        "method": "POST",
        "url": "/api/sessions/68a1c7dfae3744d40b5453e1/services",
        "statusCode": 200
      },
      "ipAddress": "::1",
      "userAgent": "Mozilla/5.0 (Macintosh; Intel Mac OS X 10_15_7) AppleWebKit/537.36 (KHTML, like Gecko) Trae/1.100.3 Chrome/132.0.6834.210 Electron/34.5.1 Safari/537.36",
      "timestamp": "2025-08-17T12:17:48.154Z",
      "status": "success",
      "createdAt": "2025-08-17T12:17:48.154Z",
      "updatedAt": "2025-08-17T12:17:48.154Z",
      "expiresAt": "2026-02-13T13:17:48.154Z",
      "__v": 0
    },
    {
      "_id": "68a1c876ae3744d40b545470",
      "operatorId": "689cabfab050291b0ee59e4c",
      "operatorUsername": "admin",
      "action": "update",
      "resource": "service",
      "resourceId": "68a1c7dfae3744d40b5453e1",
      "details": {
        "method": "PUT",
        "url": "/api/sessions/68a1c7dfae3744d40b5453e1/services/68a1c82eae3744d40b54542c",
        "statusCode": 200
      },
      "ipAddress": "::1",
      "userAgent": "Mozilla/5.0 (Macintosh; Intel Mac OS X 10_15_7) AppleWebKit/537.36 (KHTML, like Gecko) Trae/1.100.3 Chrome/132.0.6834.210 Electron/34.5.1 Safari/537.36",
      "timestamp": "2025-08-17T12:17:58.075Z",
      "status": "success",
      "createdAt": "2025-08-17T12:17:58.076Z",
      "updatedAt": "2025-08-17T12:17:58.076Z",
      "expiresAt": "2026-02-13T13:17:58.076Z",
      "__v": 0
    },
    {
      "_id": "68a1c883ae3744d40b545477",
      "operatorId": "689cabfab050291b0ee59e4c",
      "operatorUsername": "admin",
      "action": "end_session",
      "resource": "session",
      "resourceId": "68a1c7dfae3744d40b5453e1",
      "details": {
        "method": "POST",
        "url": "/api/sessions/68a1c7dfae3744d40b5453e1/end",
        "statusCode": 200
      },
      "ipAddress": "::1",
      "userAgent": "Mozilla/5.0 (Macintosh; Intel Mac OS X 10_15_7) AppleWebKit/537.36 (KHTML, like Gecko) Trae/1.100.3 Chrome/132.0.6834.210 Electron/34.5.1 Safari/537.36",
      "timestamp": "2025-08-17T12:18:11.592Z",
      "status": "success",
      "createdAt": "2025-08-17T12:18:11.592Z",
      "updatedAt": "2025-08-17T12:18:11.592Z",
      "expiresAt": "2026-02-13T13:18:11.592Z",
      "__v": 0
    },
    {
      "_id": "68a1c8b4ae3744d40b5454b9",
      "operatorId": "689cabfab050291b0ee59e4c",
      "operatorUsername": "admin",
      "action": "create",
      "resource": "operator",
      "details": {
        "method": "POST",
        "url": "/api/operators",
        "statusCode": 201
      },
      "ipAddress": "::1",
      "userAgent": "Mozilla/5.0 (Macintosh; Intel Mac OS X 10_15_7) AppleWebKit/537.36 (KHTML, like Gecko) Trae/1.100.3 Chrome/132.0.6834.210 Electron/34.5.1 Safari/537.36",
      "timestamp": "2025-08-17T12:19:00.631Z",
      "status": "success",
      "createdAt": "2025-08-17T12:19:00.632Z",
      "updatedAt": "2025-08-17T12:19:00.632Z",
      "expiresAt": "2026-02-13T13:19:00.632Z",
      "__v": 0
    },
    {
      "_id": "68a1c8f0ae3744d40b5454df",
      "operatorId": "689cabfab050291b0ee59e4c",
      "operatorUsername": "admin",
      "action": "login",
      "resource": "auth",
      "details": {
        "loginTime": "2025-08-17T12:20:00.500Z",
        "sessionId": "eyJhbGciOi..."
      },
      "ipAddress": "::1",
      "userAgent": "Mozilla/5.0 (Macintosh; Intel Mac OS X 10_15_7) AppleWebKit/537.36 (KHTML, like Gecko) Trae/1.100.3 Chrome/132.0.6834.210 Electron/34.5.1 Safari/537.36",
      "timestamp": "2025-08-17T12:20:00.500Z",
      "status": "success",
      "createdAt": "2025-08-17T12:20:00.500Z",
      "updatedAt": "2025-08-17T12:20:00.500Z",
      "expiresAt": "2026-02-13T13:20:00.500Z",
      "__v": 0
    },
    {
      "_id": "68a1c940ae3744d40b54550a",
      "operatorId": "689cabfab050291b0ee59e4c",
      "operatorUsername": "admin",
      "action": "create",
      "resource": "backup",
      "resourceId": "backup",
      "details": {
        "action": "شروع بک‌آپ سیستم",
        "backupId": "backup_1755433280228_0vcc1bt00",
        "timestamp": "2025-08-17T12:21:20.229Z"
      },
      "ipAddress": "::1",
      "userAgent": "Mozilla/5.0 (Macintosh; Intel Mac OS X 10_15_7) AppleWebKit/537.36 (KHTML, like Gecko) Trae/1.100.3 Chrome/132.0.6834.210 Electron/34.5.1 Safari/537.36",
      "timestamp": "2025-08-17T12:21:20.229Z",
      "status": "success",
      "createdAt": "2025-08-17T12:21:20.229Z",
      "updatedAt": "2025-08-17T12:21:20.229Z",
      "expiresAt": "2026-02-13T13:21:20.229Z",
      "__v": 0
    },
    {
      "_id": "68a1c943ae3744d40b54551e",
      "operatorId": "689cabfab050291b0ee59e4c",
      "operatorUsername": "admin",
      "action": "create",
      "resource": "backup",
      "resourceId": "backup",
      "details": {
        "action": "تکمیل بک‌آپ سیستم",
        "backupId": "backup_1755433280228_0vcc1bt00",
        "totalRecords": 35,
        "duration": 2798,
        "timestamp": "2025-08-17T12:21:23.026Z"
      },
      "timestamp": "2025-08-17T12:21:23.026Z",
      "status": "success",
      "createdAt": "2025-08-17T12:21:23.026Z",
      "updatedAt": "2025-08-17T12:21:23.026Z",
      "expiresAt": "2026-02-13T13:21:23.026Z",
      "__v": 0
    },
    {
      "_id": "68a1c943ae3744d40b545520",
      "operatorId": "689cabfab050291b0ee59e4c",
      "operatorUsername": "admin",
      "action": "create",
      "resource": "backup",
      "resourceId": "backup",
      "details": {
        "action": "شروع بک‌آپ سیستم",
        "backupId": "backup_1755433283340_c8aq6u9pz",
        "timestamp": "2025-08-17T12:21:23.340Z"
      },
      "ipAddress": "::1",
      "userAgent": "Mozilla/5.0 (Macintosh; Intel Mac OS X 10_15_7) AppleWebKit/537.36 (KHTML, like Gecko) Trae/1.100.3 Chrome/132.0.6834.210 Electron/34.5.1 Safari/537.36",
      "timestamp": "2025-08-17T12:21:23.340Z",
      "status": "success",
      "createdAt": "2025-08-17T12:21:23.341Z",
      "updatedAt": "2025-08-17T12:21:23.341Z",
      "expiresAt": "2026-02-13T13:21:23.341Z",
      "__v": 0
    }
  ]
}